[{"hb-default-sidebar":["search-2","recent-posts-2","categories-2","tag_cloud-2","hb_instagram_widget-2"],"hb-side-section-sidebar":["search-3","categories-4","tag_cloud-4"],"hb-custom-sidebar-contactsidebar":["hb_contact_info_widget-2"],"hb-custom-sidebar-aboutsidebar":["text-2","hb_soc_net_widget-2","hb_instagram_widget-3","categories-3","hb_latest_posts_widget-2","tag_cloud-3"]},{"search":{"2":{"title":""},"3":{"title":"Search"},"_multiwidget":1},"recent-posts":{"2":{"title":"Latest Posts","number":5,"show_date":false},"_multiwidget":1},"categories":{"2":{"title":"Categories","count":0,"hierarchical":0,"dropdown":0},"4":{"title":"Blog Categories","count":0,"hierarchical":0,"dropdown":0},"3":{"title":"Categories","count":0,"hierarchical":0,"dropdown":0},"_multiwidget":1},"tag_cloud":{"2":{"title":"","taxonomy":"post_tag"},"4":{"title":"Tags","taxonomy":"post_tag"},"3":{"title":"","taxonomy":"post_tag"},"_multiwidget":1},"hb_instagram_widget":{"2":{"title":"Instagram Widget","username":"starbucks","number":"8"},"3":{"title":"Follow me on Instagram","username":"starbucks","number":"6"},"_multiwidget":1},"hb_contact_info_widget":{"2":{"title":"Contact Info","phone":"+44 20 7219 4272","fax":"","email":"bigben@london.uk","address":"Westminster, London SW1A 0AA, United Kingdom","website":"","person":"Adelaide Thompson","company":"","skype":""},"_multiwidget":1},"text":{"2":{"title":"","text":"<img src=\"http:\/\/hb-themes.com\/themes\/highend\/simple-blog\/wp-content\/uploads\/sites\/6\/2015\/01\/about-me-e1421357428467.jpg\" alt=\"About me\"\/>\r\n\r\n<h4 class=\"widget-title\">About me<\/h4>\r\n\r\nMeh synth Schlitz, tempor duis single-origin coffee ea next level ethnic fingerstache fanny pack nostrud. Seitan High Life reprehenderit consectetur cupidatat kogi about me..","filter":true},"_multiwidget":1},"hb_soc_net_widget":{"2":{"title":"Keep Updated","large_icons":"large","icon_style":"dark"},"_multiwidget":1},"hb_latest_posts_widget":{"2":{"title":"Latest Posts","number":"3","category":""},"_multiwidget":1}}]