[{"wp_inactive_widgets":["text-2"],"hb-default-sidebar":["search-2","recent-posts-2","recent-comments-2","archives-2","categories-2","meta-2"]},{"search":{"2":{"title":""},"_multiwidget":1},"recent-posts":{"2":{"title":"","number":5},"_multiwidget":1},"recent-comments":{"2":{"title":"","number":5},"_multiwidget":1},"archives":{"2":{"title":"","count":0,"dropdown":0},"_multiwidget":1},"categories":{"2":{"title":"","count":0,"hierarchical":0,"dropdown":0},"_multiwidget":1},"meta":{"2":{"title":""},"_multiwidget":1},"text":{"2":{"title":"","text":"<h2 class=\"aligncenter\">About Highend<\/h2>\r\n<p class=\"aligncenter tilda-separator\">~<\/p>\r\n<p class=\"aligncenter hb-max-50\">Highend is an enchanting and easy-to-use parallax Caf\u00e9 WordPress theme that allows you to tell your story in a dynamic, narrative and enjoyable way, making it perfect for restaurants, bakeries, bars or coffee shops.<\/p>","filter":false},"_multiwidget":1}}]