[{"hb-default-sidebar":["text-2","hb_soc_net_widget-2","text-3","search-2","null-instagram-feed-3","hb_latest_posts_simple_widget-2","categories-2","archives-2"],"custom-sidebar0":["null-instagram-feed-2"]},{"text":{"2":{"title":"About Me","text":"<img src=\"http:\/\/hb-themes.com\/themes\/highend\/bloggera\/wp-content\/uploads\/sites\/15\/2016\/07\/profile.jpg\" alt=\"profile\"\/>\r\n<h4 style=\"text-align: center; display: block; margin-top: 30px;\">Blogger & Traveller<\/h4>\r\n<p style=\"text-align: center\">Crucifix bitters try-hard, hoodie listicle locavore leggings neutra roof party gluten-free blue bottle chillwave.<\/p>","filter":false},"3":{"title":"Newsletter","text":"[mc4wp_form id=\"26\"]","filter":false},"_multiwidget":1},"hb_soc_net_widget":{"2":{"title":"Follow & Subscribe","large_icons":"small","icon_style":"dark"},"_multiwidget":1},"search":{"2":{"title":""},"_multiwidget":1},"null-instagram-feed":{"3":{"title":"Instagram","username":"daniel_ernst","number":"9","size":"thumbnail","target":"_blank","link":"Follow Me!"},"2":{"title":"Instagram","username":"daniel_ernst","number":"8","size":"small","target":"_self","link":""},"_multiwidget":1},"hb_latest_posts_simple_widget":{"2":{"title":"Recent Posts","number":"4","category":"","order":"DESC","orderby":"date","show_excerpt":false,"show_thumb":true},"_multiwidget":1},"categories":{"2":{"title":"Categories","count":0,"hierarchical":0,"dropdown":0},"_multiwidget":1},"archives":{"2":{"title":"Archives","count":0,"dropdown":0},"_multiwidget":1}}]