[{"hb-default-sidebar":["search-2","categories-2","tag_cloud-2","hb_dribbble_widget-2"],"custom-sidebar0":["text-3"],"custom-sidebar1":["hb_latest_posts_simple_widget-2"],"custom-sidebar2":["hb_instagram_widget-2"]},{"search":{"2":{"title":""},"_multiwidget":1},"categories":{"2":{"title":"Blog Categories","count":0,"hierarchical":0,"dropdown":0},"_multiwidget":1},"tag_cloud":{"2":{"title":"Tags","taxonomy":"post_tag"},"_multiwidget":1},"hb_dribbble_widget":{"2":{"title":"Dribble Widget","username":"Ramotion","number":"9"},"_multiwidget":1},"text":{"3":{"title":"","text":"<div class=\"aligncenter\">\r\n<img class=\"radius-60\" src=\"http:\/\/hb-themes.com\/themes\/highend\/photography\/wp-content\/uploads\/sites\/2\/2014\/12\/widget.jpg\" alt=\"About\" \/>\r\n\r\n<h6 class=\"special\" style=\"color:#FFF; margin-top:15px;\">Hi, I'm John<\/h6>\r\n<p>Aenean ac porta odio. Cras enim erat, pretium a tristique eget, elementum et mauris. Vestibulum in leo vitae elit aliquam sed.<\/p>\r\n<\/div>","filter":false},"_multiwidget":1},"hb_latest_posts_simple_widget":{"2":{"title":"Fresh from my Journal","number":"4","category":"","order":"DESC","orderby":"date","show_excerpt":false,"show_thumb":false},"_multiwidget":1},"hb_instagram_widget":{"2":{"title":"Follow me on Instagram","username":"starbucks","number":"8"},"_multiwidget":1}}]